Urun,Amazon ASIN,Farmazon Kodu
Cerave Foaming Cleanser Normal & Yağlıya Dönük Ciltler İçin 473 ml,B07C5XD33D,96220
Bioderma Sensibio H2O 500 ml,B01DA53DAU,57991
Bioderma Pigmentbio C-Concentrate 15 ml,B07VL66RW5,142652
Bioderma Atoderm Cream Ultra 500 ml,B079XX76RM,454480
Bioderma Sebium Hydra Cleanser,B0CJFZJ66V,602313
Bioderma Atoderm Cream Ultra 200 ml,B0025YVBG6,451811
Bioderma Atoderm Cream Ultra 200 ml,B07MVTQT6K,451811
Bioderma Atoderm Intensive Baume 500 ml,B0161ZC5GY,64298
Bioderma Sebium Foaming Gel 500 ml,B0060OMXUA,57974
Bioderma Sensibio Gel Moussant Foaming Gel 500 ml,B07N1W36GB,209640
Bioderma Hydrabio Perfecteur Işıltı Veren SPF30 40 ml,B01AZR9954,58025
Bioderma Photoderm Spot SPF50+ 150 ml,B07R74QTFP,524789
Bioderma Photoderm AKN Mat SPF30 40 ml,B09XGX34NC,386387
Bioderma Photoderm AKN Mat Güneş Koruyucu Krem SPF30 150 ml,B0C6MQJNKB,559148
Bioderma Atoderm Intensive Foaming Gel 1000 ml,B015Q8SPOS,64299
Bioderma Sensibio DS+ Cream 40 ml,B072JH8HBJ,57995
La Roche Posay Cicaplast Baume B5+ Krem 100 ml,B00U97BK8K,430672
La Roche Posay Cicaplast Baume B5+ Krem 40 ml,B07SNCRCP1,431987
La Roche Posay Effaclar Duo,B07F47HYTP,59586
La Roche-Posay Effaclar Duo(+) SPF 30 Krem,B06XXWTB1C,65696
La Roche Posay Toleriane Sensitive Krem 40 ml,B07942ZQBT,82570
Vichy Dercos Energisant Şampuan Dökülme Karşıtı 400 ml,B004SBLR4U,168102
Vichy Dercos Anti-Dandruff Şampuan Kepek Karşıtı Normal ve Yağlı Saçlar İçin 390 ml,B00WN2BY7G,149428
Cerave Akneye Eğilimli Ciltler İçin Özel Temizleyici 236 ml,B0B7RQ46LD,436928
Cerave Foaming Cleanser Normal & Yağlıya Dönük Ciltler İçin 473 ml,B07C5XD33D,96220
Bioderma Photoderm Aquafluide Spf50+ Light 40ml,B09XF4CZWK,393446
Bioderma Photoderm Aquafluid SPF50+ Invisible 40 ml,B00V5CQYGQ,384753
Opalescence Beyazlatıcı Cool Mint Diş Macunu,B07BB54JZ4,63013
